title,author,year,lang,rights,fmt,publisher,oclc,htid,url,n_copies
Alice's adventures in Wonderland / by Lewis Carroll ; illustrated by Anthony Browne.,"Carroll, Lewis, 1832-1898.",1869.0,eng,ic,BK,"Knopf : Distributed by Random House, 1988.",17385994,mdp.39015014763463,https://babel.hathitrust.org/cgi/pt?id=mdp.39015014763463,29
Through the looking glass : and what Alice found there / by Lewis Carroll [i.e. C. L. Dodgson] ; illustrated by Sir John Tenniel.,"Carroll, Lewis, 1832-1898.",1872.0,eng,ic,BK,"The Heritage Press, c1941.",1557102,mdp.39015012954486,https://babel.hathitrust.org/cgi/pt?id=mdp.39015012954486,15
"Alice's adventures in Wonderland, and Through the looking-glass / by Lewis Carroll, pseud.","Carroll, Lewis, 1832-1898.",1894.0,eng,ic,BK,"Macmillan, 1960.",41277965,mdp.39015002282633,https://babel.hathitrust.org/cgi/pt?id=mdp.39015002282633,9
Lewis Carroll's diaries : the private journals of Charles Lutwidge Dodgson (Lewis Carroll) : the first complete version of the nine surviving volumes with notes and annotations / [edited] by Edward Wakeling with an introduction by Roger Lancelyn Green.,"Carroll, Lewis, 1832-1898.",,eng,ic,BK,"Lewis Carroll Society; Publications Unit, 1993-",29388458,mdp.39015029112169,https://babel.hathitrust.org/cgi/pt?id=mdp.39015029112169,9
The diaries of Lewis Carroll.,"Carroll, Lewis, 1832-1898.",1951.0,eng,ic,BK,"Oxford University Press, 1954.",361236,mdp.39015008015474,https://babel.hathitrust.org/cgi/pt?id=mdp.39015008015474,8
"The brief, with selections for briefing, by Carroll Lewis Maxcy.","Maxcy, Carroll Lewis, 1865-1936",1916.0,eng,pd,BK,Houghton Mifflin company [c1916],2976604,uc2.ark:/13960/t7dr2vm06,https://babel.hathitrust.org/cgi/pt?id=uc2.ark:/13960/t7dr2vm06,6
"The hunting of the Snark : an agony, in eight fits / Lewis Carroll ; illustrated by Jonathan Dixon.","Carroll, Lewis, 1832-1898.",1903.0,eng,ic,BK,"Lewis Carroll Society of North America, 1992.",26469058,mdp.39015029208249,https://babel.hathitrust.org/cgi/pt?id=mdp.39015029208249,6
Rhyme? and reason? By Louis Carroll [pseud.] With sixty-five illustrations by Arthur B. Frost and nine by Henry Holiday...,"Carroll, Lewis, 1832-1898.",1884.0,eng,pd,BK,"Macmillan and Co., 1884.","1162213,216602280",loc.ark:/13960/t82j70c16,https://babel.hathitrust.org/cgi/pt?id=loc.ark:/13960/t82j70c16,6
"The rhetorical principles of narration, by Carroll Lewis Maxcy.","Maxcy, Carroll Lewis, 1865-1936",1911.0,eng,pd,BK,Houghton Mifflin company [c1911],1918070,uc2.ark:/13960/t6736q36v,https://babel.hathitrust.org/cgi/pt?id=uc2.ark:/13960/t6736q36v,5
An elementary treatise on determinants : with their application to simultaneous linear equations and algebraical geometry / By Charles L. Dodgson ...,"Carroll, Lewis, 1832-1898.",1867.0,eng,pd,BK,"Macmillan and Co., 1867.",1026954,miun.abv1991.0001.001,https://babel.hathitrust.org/cgi/pt?id=miun.abv1991.0001.001,5
"Three sunsets and other poems, by Lewis Carroll [pseud.] with twelve fairy-fancies by E. Gertrude Thomson.","Carroll, Lewis, 1832-1898.",1898.0,eng,pd,BK,"Macmillan and co., limited; 1898.",1966384,uc2.ark:/13960/t05x2fm6r,https://babel.hathitrust.org/cgi/pt?id=uc2.ark:/13960/t05x2fm6r,5
Alice in Wonderland / by Lewis Carroll [pseudonym] With the original illustrations drawn by Sir John Tenniel.,"Carroll, Lewis, 1832-1898.",1940.0,eng,pdus,BK,"Peter Pauper press, [1940]",631453,mdp.39015066045934,https://babel.hathitrust.org/cgi/pt?id=mdp.39015066045934,5
Sylvie and Bruno / by Lewis Carroll ; with forty-six illustrations by Harry Furniss.,"Carroll, Lewis, 1832-1898.",1889.0,eng,pd,BK,"Macmillan and Co., 1889.",11162587,mdp.39015057979646,https://babel.hathitrust.org/cgi/pt?id=mdp.39015057979646,5
Mathematical recreations of Lewis Carroll [pseud.],"Carroll, Lewis, 1832-1898.",1958.0,eng,ic,BK,"Dover Publications, [1958]",483862,mdp.39015066528442,https://babel.hathitrust.org/cgi/pt?id=mdp.39015066528442,5
The letters of Lewis Carroll / edited by Morton N. Cohen; with the assistance of Roger Lancelyn Green.,"Carroll, Lewis, 1832-1898.",1979.0,eng,ic,BK,"Macmillan, 1979.",5703334,mdp.39015046340017,https://babel.hathitrust.org/cgi/pt?id=mdp.39015046340017,4
"The hunting of the snark, and other poems and verses by Lewis Carroll [pseud.] illustrated by Peter Newell.","Carroll, Lewis, 1832-1898.",1903.0,eng,pd,BK,"Harper & brothers, 1903.",456437,coo1.ark:/13960/t2b85tk33,https://babel.hathitrust.org/cgi/pt?id=coo1.ark:/13960/t2b85tk33,4
"Curiosa mathematica, by Charles L. Dodgson.","Carroll, Lewis, 1832-1898.",1895.0,eng,pd,BK,"Macmillan and Co., 1895.",4748166,umn.319510004968598,https://babel.hathitrust.org/cgi/pt?id=umn.319510004968598,4
Rhyme? and reason? / Lewis Carroll [i.e. C. L. Dodgson] ; with a preface for the Garland ed. by K. Naryan Kutty and a bibliograpical note by Susan M. Kenney.,"Carroll, Lewis, 1832-1898.",1888.0,eng,ic,BK,"Garland Publishing, 1976.",2565505,coo.31924006372159,https://babel.hathitrust.org/cgi/pt?id=coo.31924006372159,4
"The hunting of the snark, an agony, in eight fits. By Lewis Carroll [pseud.] ... With nine illustrations by Henry Holiday.","Carroll, Lewis, 1832-1898.",1876.0,eng,pd,BK,"Macmillan and Co., 1876.",2035667,uc2.ark:/13960/t3jw8cx1q,https://babel.hathitrust.org/cgi/pt?id=uc2.ark:/13960/t3jw8cx1q,4
"Symbolic logic. Part I. Elementary, by Lewis Carrol [pseud.]","Carroll, Lewis, 1832-1898.",1955.0,eng,ic,BK,"Macmillan, 1897. Berkeley Enterprises, 1955.",2192548,uc1.31158001178051,https://babel.hathitrust.org/cgi/pt?id=uc1.31158001178051,3
Alice's adventures under ground. A facsimile of the original Lewis Carroll manuscript.,"Carroll, Lewis, 1832-1898.",1964.0,eng,ic,BK,"University Microfilms, [1964]",4357505,mdp.39015002649534,https://babel.hathitrust.org/cgi/pt?id=mdp.39015002649534,3
Alice's adventures in Wonderland & Through the looking glass / by Lewis Carroll. With illus. by John Tenniel. Afterword by Clifton Fadiman.,"Carroll, Lewis, 1832-1898.",1949.0,eng,ic,BK,"Harper, 1949.",1470515,mdp.39015020747500,https://babel.hathitrust.org/cgi/pt?id=mdp.39015020747500,3
Sylvie and Bruno concluded/ by Lewis Carroll [pseud.] with forty-six illustrations by Harry Furniss.,"Carroll, Lewis, 1832-1898.",1894.0,eng,pd,BK,"Macmillan, 1894.",39462452,wu.89099920951,https://babel.hathitrust.org/cgi/pt?id=wu.89099920951,3
"Alice's adventures under ground, being a facsimile of the original ms. book afterwards developed into ""Alice's adventures in Wonderland"", by Lewis Carroll; with thirty-seven illustrations by the author.","Carroll, Lewis, 1832-1898.",1932.0,eng,und,BK,"Macmillan, 1932.",483846,iau.31858005847045,https://babel.hathitrust.org/cgi/pt?id=iau.31858005847045,3
"Representative narratives, by Carroll Lewis Maxcy.","Maxcy, Carroll Lewis, b. 1865.",1914.0,eng,pd,BK,"Houghton Mifflin Co., [c1914]",2587331,uc2.ark:/13960/t6nz86v54,https://babel.hathitrust.org/cgi/pt?id=uc2.ark:/13960/t6nz86v54,3
"Harry Truman's China policy : McCarthyism and the diplomacy of hysteria, 1947-1951 / Lewis McCarroll Purifoy.","Purifoy, Lewis McCarroll.",1976.0,eng,ic,BK,"New Viewpoints, 1976.",2202563,uc1.b4407855,https://babel.hathitrust.org/cgi/pt?id=uc1.b4407855,3
Le avventure d'Alice nel paese della meraviglie. Per Lewis Carroll [pseud.] Tradotte dall'inglese da T. Pietrocòla-Rossetti. Con 42 vignette di Giovanni Tenniel.,"Carroll, Lewis, 1832-1898.",1872.0,ita,pd,BK,"Macmillan and Co., 1872.","1960473,229163492",uiuo.ark:/13960/t6f18wc6f,https://babel.hathitrust.org/cgi/pt?id=uiuo.ark:/13960/t6f18wc6f,3
"Through the looking-glass and what Alice found there, by Lewis Carroll [pseud.] illustrated by Peter Newell.","Carroll, Lewis, 1832-1898",1902.0,eng,pdus,BK,"Harper & Brothers, 1902.","1985596,3790937",hvd.32044019883032,https://babel.hathitrust.org/cgi/pt?id=hvd.32044019883032,3
"The hunting of the snark / by Lewis Carroll [pseud.] ; translated into Latin elegiacs with translator's note appended on the inner meaning of the poem ; and Other things, by H. D. Watson ; with a foreword by Professor Gilbert Murray.","Carroll, Lewis, 1832-1898.",1879.0,eng,ic,BK,"Printed at the Shakespeare Head Press and sold by Blackwell, 1936.","215110256,2906697",uc1.b4107242,https://babel.hathitrust.org/cgi/pt?id=uc1.b4107242,3
The annotated Alice : Alice's adventures in Wonderland & Through the looking glass / by Lewis Carroll ; illustrated by John Tenniel ; with an introduction and notes by Martin Gardner.,"Carroll, Lewis, 1832-1898.",1960.0,eng,ic,BK,"World, 1963, c1960.",2023589,mdp.39015048560935,https://babel.hathitrust.org/cgi/pt?id=mdp.39015048560935,3
The Russian journal and other selections from the works of Lewis Carroll / edited and with an introduction by John Francis McDermott.,"Carroll, Lewis, 1832-1898.",1935.0,eng,ic,BK,"Dutton, [c1935]","1719823,214379888",mdp.39015066053524,https://babel.hathitrust.org/cgi/pt?id=mdp.39015066053524,2
"The nursery ""Alice"" / by Lewis Carroll [i.e. C.L. Dodgson] ; illustrated by Sir John Tenniel.","Carroll, Lewis, 1832-1898.",1979.0,eng,ic,BK,"Mayflower Books, [1979]",4857790,mdp.39015032942156,https://babel.hathitrust.org/cgi/pt?id=mdp.39015032942156,2
The complete works of Lewis Carroll / with an introduction by Alexander Woollcott ; and the illustrations by John Tenniel.,"Carroll, Lewis, 1832-1898.",1939.0,eng,ic,BK,"Nonesuch Library, [1939]",2404241,mdp.39015062114122,https://babel.hathitrust.org/cgi/pt?id=mdp.39015062114122,2
Notes by an Oxford chiel.,"Carroll, Lewis, 1832-1898.",1874.0,eng,pd,BK,"James Parker and Co., 1865-1874. [i.e. 1874]","12398308,173851816",uc2.ark:/13960/t0ks6n57r,https://babel.hathitrust.org/cgi/pt?id=uc2.ark:/13960/t0ks6n57r,2
Phantasmagoria and other poems / by Lewis Carroll.,"Carroll, Lewis, 1832-1898.",1869.0,eng,pd,BK,"Macmillan, 1869.",34199626,uc2.ark:/13960/t0ft8kn34,https://babel.hathitrust.org/cgi/pt?id=uc2.ark:/13960/t0ft8kn34,2
Ludovici Carroll fabella lepida in qua aliud Aliciae sominium narravit : Aliciae per speculum transitus (quaeque ibi invenit) / Latine reddita Clive Harcourt Carruthers.,"Carroll, Lewis, 1832-1898.",1966.0,lat,ic,BK,"Novi Eboraci, Macmillan, Preloque S. Martini, 1966.",4227284,mdp.39015040114079,https://babel.hathitrust.org/cgi/pt?id=mdp.39015040114079,2
"The annotated Snark: the full text of Lewis Carroll's great nonsense epic, The hunting of the snark, and the original illustrations / by Henry Holiday. With an introd. and notes by Martin Gardner.","Carroll, Lewis, 1832-1898.",1962.0,eng,ic,BK,"Simon and Schuster, 1962.",1167881,mdp.39015004032713,https://babel.hathitrust.org/cgi/pt?id=mdp.39015004032713,2
Alice through the looking-glass / Lewis Carroll ; illustrated by Helen Oxenbury.,"Carroll, Lewis, 1832-1898.",2000.0,eng,ic,BK,"Candlewick Press, 2005.",60373649,pst.000058091456,https://babel.hathitrust.org/cgi/pt?id=pst.000058091456,2
Alice's adventures under ground : facsimile of the author's manuscript book with additional material from the facsimile edition of 1886 / by Lewis Carroll [i.e. C.L. Dodgson] ; with a new introduction by Martin Gardner.,"Carroll, Lewis, 1832-1898.",1965.0,eng,ic,BK,"Dover, 1965.",5856464,mdp.39015003490334,https://babel.hathitrust.org/cgi/pt?id=mdp.39015003490334,2
Feeding the mind / by Lewis Carroll [pseudonym] with a prefatory note by William H. Draper.,"Carroll, Lewis, 1832-1898.",1907.0,eng,pd,BK,"Chatto & Windus, 1907.",13467684,mdp.39015033650915,https://babel.hathitrust.org/cgi/pt?id=mdp.39015033650915,2
Anderson's Alice : Walter Anderson illustrates Alice's adventures in Wonderland / by Lewis Carroll ; with a foreword by Mary Anderson Pickard.,"Carroll, Lewis, 1832-1898.",1983.0,eng,ic,BK,"University Press of Mississippi, c1983.",9762525,uc1.b4938258,https://babel.hathitrust.org/cgi/pt?id=uc1.b4938258,2
"The selected letters of Lewis Carroll / edited by Morton N. Cohen, with the assistance of Roger Lancelyn Green.","Carroll, Lewis, 1832-1898.",1982.0,eng,ic,BK,"Pantheon Books, c1982.",8473984,uc1.32106007984534,https://babel.hathitrust.org/cgi/pt?id=uc1.32106007984534,2
"Prikli͡uchenii͡a Alisy v strane chudes ; Skvozʹ zerkalo i chto tam uvidela Alisa, ili, Alisa v zazerkalʹe / Lʹi͡uis Kėrroll ; izdanie podgotovila N.M. Demurova.","Carroll, Lewis, 1832-1898.",1978.0,rus,ic,BK,"Nauka, 1978.",42766647,mdp.39015040114053,https://babel.hathitrust.org/cgi/pt?id=mdp.39015040114053,2
"Alisa v Strane Chudes / L. Kėrroll ; [pereskaz Vl. Orla, khudozhnik G. Kalinovskiĭ].","Carroll, Lewis, 1832-1898.",1923.0,rus,ic,BK,"""Detskai︠a︡ literatura"", 1988.",19794192,uva.x001507380,https://babel.hathitrust.org/cgi/pt?id=uva.x001507380,2
"Symbolic logic : part I, elementary / by Lewis Carrol.","Carroll, Lewis, 1832-1898.",1896.0,eng,pd,BK,"Macmillan, 1896.",12345727,uc1.b3942532,https://babel.hathitrust.org/cgi/pt?id=uc1.b3942532,2
The Lewis Carroll picture book : a selection from the unpublished writings and drawings of Lewis Carroll : together with reprints from scarce and unacknowledged work / edited by Stuart Dodgson Collingwood.,"Carroll, Lewis, 1832-1898.",1899.0,eng,pd,BK,"T.F. Unwin, 1899.",2916259,mdp.39015066075501,https://babel.hathitrust.org/cgi/pt?id=mdp.39015066075501,2
The Lewis Carroll book / illustrated by John Tenniel and Henry Holiday ; edited by Richard Herrick.,"Carroll, Lewis, 1832-1898.",1936.0,eng,und,BK,"Dial Press, [1936].",5997064,uva.x000305195,https://babel.hathitrust.org/cgi/pt?id=uva.x000305195,2
"Sylvie and Bruno, by Lewis Carroll [pseud.] With forty-six illustrations, by Harry Furniss.","Carroll, Lewis, 1832-1898",1890.0,eng,pd,BK,"Macmillan, 1890.",1519990,hvd.32044019674019,https://babel.hathitrust.org/cgi/pt?id=hvd.32044019674019,2
Lewis Carroll / introduction by Colin Ford,"Carroll, Lewis, 1832-1898",1998.0,eng,ic,BK,"Thames & Hudson, 2009",317252211,uc1.31822037432994,https://babel.hathitrust.org/cgi/pt?id=uc1.31822037432994,2
Sylvie and Bruno concluded / by Lewis Carroll ; with forty-six illustrations by Harry Furniss.,"Carroll, Lewis, 1832-1898.",1893.0,eng,pd,BK,"Macmillan and Co., 1893.",1875644,uc2.ark:/13960/t6ww7b09m,https://babel.hathitrust.org/cgi/pt?id=uc2.ark:/13960/t6ww7b09m,2
Lewis Carroll and the Kitchins : containing twenty-five letters not previously published and nineteen of his photographs / edited with an introd. and notes by Morton N. Cohen.,"Carroll, Lewis, 1832-1898.",1980.0,eng,ic,BK,"Argosy Bookstore, 1980.",6134807,uc1.32106006529702,https://babel.hathitrust.org/cgi/pt?id=uc1.32106006529702,2
"Symbolic logic, by Lewis Carroll.","Carroll, Lewis, 1832-1898.",1896.0,   ,pd,BK,1897,,oxu1.602385732,https://babel.hathitrust.org/cgi/pt?id=oxu1.602385732,2
Useful and instructive poetry / [by] Lewis Carroll [pseudonym] With an introd. by Derek Hudson.,"Carroll, Lewis, 1832-1898.",1954.0,eng,ic,BK,"Macmillan, 1954.",1469146,mdp.39015008015458,https://babel.hathitrust.org/cgi/pt?id=mdp.39015008015458,2
"Through the looking-glass, and what Alice found there, by Lewis Carroll. With illustr. by J. Tenniel.","Carroll, Lewis, 1832-1898.",1896.0,   ,pd,BK,1897,,oxu1.604824303,https://babel.hathitrust.org/cgi/pt?id=oxu1.604824303,2
A tangled tale / by Lewis Carroll [i.e. Charles Lutwidge Dodgson] ; with six illustrations by Arthur B. Frost.,"Carroll, Lewis, 1832-1898",1885.0,eng,pd,BK,"Macmillan, 1885.","34199634,9122630",hvd.hwqvyq,https://babel.hathitrust.org/cgi/pt?id=hvd.hwqvyq,2
"Alice's adventures in Wonderland ; and, Through the looking-glass and what Alice found there / by Lewis Carroll ; profusely illustrated by John Tenniel.","Carroll, Lewis, 1832-1898.",1909.0,eng,pd,BK,"Hurst, [19--?]",53024951,nc01.ark:/13960/t6446qh74,https://babel.hathitrust.org/cgi/pt?id=nc01.ark:/13960/t6446qh74,2
The unknown Lewis Carroll : eight major works and many minor : with a new selection of Lewis Carroll's photographs / edited by Stuart Dodgson Collingwood.,"Carroll, Lewis, 1832-1898.",1961.0,eng,und,BK,"Dover Publications, c1961.","654001,929958",mdp.49015000703638,https://babel.hathitrust.org/cgi/pt?id=mdp.49015000703638,2
Alice in Wonderland : and Through the looking glass / by Lewis Carroll [i.e. C.L. Dodgson] ; illustrated by John Tenniel.,"Carroll, Lewis, 1832-1898.",1937.0,eng,ic,BK,"Grosset & Dunlap, 1981.",8270344,uva.x001771485,https://babel.hathitrust.org/cgi/pt?id=uva.x001771485,2
"Mr. Dodgson : nine Lewis Carroll studies, with a companion-guide to the Alice at Longleat Exhibition / the Lewis Carroll Society.",Lewis Carroll Society.,1973.0,eng,ic,BK,"Lewis Carroll Society, 1973.",3091228,mdp.39015003490300,https://babel.hathitrust.org/cgi/pt?id=mdp.39015003490300,1
More annotated Alice : Alice's adventures in wonderland & Through the looking glass / by Lewis Carroll ; illustrated by Peter Newell ; with notes by Martin Gardner.,"Carroll, Lewis, 1832-1898.",1990.0,eng,ic,BK,"Random House, 1990.",21377032,mdp.39015054037422,https://babel.hathitrust.org/cgi/pt?id=mdp.39015054037422,1
Looking-glass letters / Lewis Carroll ; selected and introduced by Thomas Hinde.,"Carroll, Lewis, 1832-1898.",1992.0,eng,ic,BK,"Rizzoli, 1992.",24174008,mdp.39076001168082,https://babel.hathitrust.org/cgi/pt?id=mdp.39076001168082,1
"Lewis Carroll's Alice in Wonderland, and other favorites; with 92 illus. by Sir John Tenniel.","Carroll, Lewis, 1832-1898.",1951.0,eng,ic,BK,Pocket Books [1951],4815167,uc1.32106005081465,https://babel.hathitrust.org/cgi/pt?id=uc1.32106005081465,1
The Lewis Carroll picture book / edited by S.D. Collingwood.,"Carroll, Lewis, 1832-1898.",1913.0,eng,pdus,BK,"Collin's Clear-Type Press, [1913]",23062695,gri.ark:/13960/t4pk6q454,https://babel.hathitrust.org/cgi/pt?id=gri.ark:/13960/t4pk6q454,1
"Lewis Carroll's Symbolic logic : part I, Elementary, 1896, fifth edition, part II, Advanced, never previously published ; edited, with annotations and an introd., by William Warren Bartley, III.","Carroll, Lewis, 1832-1898.",1977.0,eng,ic,BK,"C. N. Potter : distributed by Crown Publishers, [1977]",2318344,mdp.39015010868738,https://babel.hathitrust.org/cgi/pt?id=mdp.39015010868738,1
Lewis Carroll's Jabberwocky : with annotations by Humpty Dumpty / ill. by Jane Breskin Zalben.,"Carroll, Lewis, 1832-1898.",1977.0,eng,ic,BK,"F. Warne, 1977.",3630735,mdp.39015032913801,https://babel.hathitrust.org/cgi/pt?id=mdp.39015032913801,1
"Lewis Carroll's The hunting of the snark : an agony, in eight fits / illustrated by Barry Moser ; with an introduction by James R. Kincaid.","Carroll, Lewis, 1832-1898.",1983.0,eng,ic,BK,"University of California Press, c1983.",10434198,mdp.39015001766180,https://babel.hathitrust.org/cgi/pt?id=mdp.39015001766180,1
"Lewis Carroll's Symbolic logic. Part I, Elementary, 1896, fifth edition, part II, Advanced, never previously published : together with letters from Lewis Carroll to eminent nineteenth-century logicians and to his ""logical sister,"" and eight versions of the Barber-shop paradox, edited, with annotations and an introd., by William Warren Bartley, III.","Carroll, Lewis, 1832-1898.",1977.0,eng,ic,BK,"Harvester Press, [1977]",7719930,ien.35556005116579,https://babel.hathitrust.org/cgi/pt?id=ien.35556005116579,1
Mathematical recreations of Lewis Carroll : Pillow problems and a tangled tale.,"Carroll, Lewis, 1832-1898.",1961.0,eng,und,BK,"Dover, 1961.",25274664,inu.32000007300355,https://babel.hathitrust.org/cgi/pt?id=inu.32000007300355,1
"Logique sans peine / Lewis Carroll ; illus. de Max Ernst, traduction et présentation de Jean Gattégno et Ernest Coumet.","Carroll, Lewis, 1832-1898.",1966.0,fre,ic,BK,"Hermann, 1966.",2902906,mdp.39015038668391,https://babel.hathitrust.org/cgi/pt?id=mdp.39015038668391,1
"The mathematical pamphlets of Charles Lutwidge Dodgson and related pieces / compiled, with introductory essays, notes, and annotations, by Francine F. Abeles.","Carroll, Lewis, 1832-1898.",1994.0,eng,ic,BK,"Lewis Carroll Society of North America ; Distributed by the University Press of Virginia, 1994.",30624623,mdp.39015038592427,https://babel.hathitrust.org/cgi/pt?id=mdp.39015038592427,1
"A-lý lạc vào xứ thần-tiên = Alice's adventures in Wonderland / Lewis Carrol ; dịch-giả, Đào-Văn-Tự.","Carroll, Lewis, 1832-1898.",1951.0,vie,ic,BK,"Lê-Lợi, [1951]",41912392,coo.31924084485501,https://babel.hathitrust.org/cgi/pt?id=coo.31924084485501,1
Lewis Carroll's The hunting of the snark / illustrated by Henry Holiday ; edited by James Tanis and John Dooley.,"Carroll, Lewis, 1832-1898.",1981.0,eng,ic,BK,"W. Kaufmann, in cooperation with the Bryn Mawr College Library, c1981.",7924419,mdp.39015005682995,https://babel.hathitrust.org/cgi/pt?id=mdp.39015005682995,1
"Lewis Carroll's The nursery ""Alice"" : adapted from ""Alice's adventures in Wonderland"" / by Lewis Carroll ; colour illustrations by Tenniel.","Carroll, Lewis, 1832-1898.",1985.0,eng,ic,BK,"Omega Books, 1985.",38211379,uva.x004683332,https://babel.hathitrust.org/cgi/pt?id=uva.x004683332,1
"Lewis Carroll, une étude par Henri Parisot; oeuvres choisies, bibliographie, dessins, portraits, fac-similés.","Carroll, Lewis, 1832-1898.",1952.0,fre,ic,BK,P. Seghers [1952],"217756876,4388505",uc1.b4101475,https://babel.hathitrust.org/cgi/pt?id=uc1.b4101475,1
Ludovici Carroll Alicia in Terra Mirabili : liber notissimus primum abhinc annis centum editus / Latine redditus ab eius fautore vetere gratoque Clive Harcourt Carruthers.,"Carroll, Lewis, 1832-1898.",1964.0,lat,ic,BK,"St. Martin's Press, 1964.",1176100227,mdp.39015020650571,https://babel.hathitrust.org/cgi/pt?id=mdp.39015020650571,1
Ludovici Carroll Alicia in Terra Mirabili. Liber notissimus primum abhinc annis centum editus. Latine redditus ab eius fautore vetere gratoque Clive Harcourt Carruthers.,"Carroll, Lewis, 1832-1898.",1964.0,lat,ic,BK,"St Martin's Press, 1964.",1212072,uva.x002765432,https://babel.hathitrust.org/cgi/pt?id=uva.x002765432,1
Novelty and romancement : a story by Lewis Carroll [i.e. C.L. Dodgson] ; with an introd. by Randolph Edgar.,"Carroll, Lewis, 1832-1898.",1925.0,eng,pd,BK,"B.J. Brimmer Co., 1925.","216731228,37734121",uc1.b4102111,https://babel.hathitrust.org/cgi/pt?id=uc1.b4102111,1
"Logical nonsense : the complete works of Lewis Carroll / edited by Philip C. Blackburn and Lionel White; with an introduction, biography, notes and a bibliography.","Carroll, Lewis, 1832-1898.",1934.0,eng,ic,BK,"Garden City Pub. Co., 1942, c1934.",4817546,nyp.33333059670352,https://babel.hathitrust.org/cgi/pt?id=nyp.33333059670352,1
"Lísa litla í Undralandi, með fjölda mynda.","Carroll, Lewis, 1832-1898.",1937.0,ice,ic,BK,"Esja, 1937.",24270394,coo.31924021936095,https://babel.hathitrust.org/cgi/pt?id=coo.31924021936095,1
Alenka v kraji divů a Za zrcadlem / Lewis Carroll ; [ilustrovala Markéta Prachatická ; z anglického originálu Alice's adventures in Wonderland a Through the looking glass přeložili Aloys a Hana Skoumalovi].,"Carroll, Lewis, 1832-1898.",1988.0,cze,ic,BK,"Albatros, 1988.",23685196,inu.30000009472444,https://babel.hathitrust.org/cgi/pt?id=inu.30000009472444,1
"The nursery ""Alice"" : containing twenty coloured enlargements from Tenniel's illustrations to ""Alice's adventures in wonderland"" with text adapted to nursery readers / by Lewis Carroll ; the cover designed and coloured by E. Gertrude Thomson.","Carroll, Lewis, 1832-1898.",1981.0,eng,pdus,BK,"Holp Shuppan ; Bodley Head], 1981.",9599344,inu.30000121024792,https://babel.hathitrust.org/cgi/pt?id=inu.30000121024792,1
"Through the looking-glass, and what Alice found there, by Lewis Carroll ; with 50 illustrations by John Tenniel.","Carroll, Lewis, 1832-1898.",1896.0,eng,pd,BK,"A.L. Burt, [c1896?]",17340054,uva.x004194497,https://babel.hathitrust.org/cgi/pt?id=uva.x004194497,1
A tangled tale [by] Lewis Carroll; original illustrations by Arthur B. Frost.,"Carroll, Lewis, 1832-1898.",1969.0,eng,ic,BK,"Rex Collins, 1969.",69362,uc1.32106010932249,https://babel.hathitrust.org/cgi/pt?id=uc1.32106010932249,1
Through a looking glass / Carroll.,"Carroll, Lewis, 1832-1898.",1910.0,eng,pd,BK,"H.M. Caldwell Co., 190-?]",7357556,nyp.33433082529862,https://babel.hathitrust.org/cgi/pt?id=nyp.33433082529862,1
"Through the looking-glass, and what Alice found there, by Lewis Carroll [pseud.] ed. by Florence Milner ... illustrated by F. Y. Cory.","Carroll, Lewis, 1832-1898.",1917.0,eng,pd,BK,"Rand, McNally & Company [c1917]",23176648,nyp.33433082529854,https://babel.hathitrust.org/cgi/pt?id=nyp.33433082529854,1
"Through the looking-glass, and what Alice found there, by Lewis Carroll [pseud.] Illustrations by John Tenniel.","Carroll, Lewis, 1832-1898",1895.0,eng,pd,BK,"Macmillan and co., 1895.",28038900,hvd.hn28hm,https://babel.hathitrust.org/cgi/pt?id=hvd.hn28hm,1
"Through the looking glass, and what Alice found there. By Lewis Carroll [pseud.] With fifty illustrations after John Tenniel.","Carroll, Lewis, 1832-1898",1910.0,eng,pd,BK,"McLoughlin Brothers, [1910].",12641212,hvd.hn78d3,https://babel.hathitrust.org/cgi/pt?id=hvd.hn78d3,1
"Through the looking-glass and what Alice found there, by Lewis Carroll [pseud.] With the John Tenniel illustrations colored by Fritz Kredel.","Carroll, Lewis, 1832-1898.",1946.0,eng,und,BK,Random house [1946],5694320,uva.x006172648,https://babel.hathitrust.org/cgi/pt?id=uva.x006172648,1
"Through the looking-glass, and what Alice found there, by Lewis Carroll [pseud.]","Carroll, Lewis, 1832-1898",1893.0,eng,pd,BK,T. Y. Crowell & co. [c1893],2495469,hvd.hn2glw,https://babel.hathitrust.org/cgi/pt?id=hvd.hn2glw,1
"Through the looking-glass, and what Alice found there, by Lewis Carroll; with fifty illustrations by John Tenniel. 39th thousand.","Carroll, Lewis, 1832-1898.",1875.0,eng,pd,BK,"Macmillan & co., 1875.",4815457,njp.32101075985729,https://babel.hathitrust.org/cgi/pt?id=njp.32101075985729,1
"Okhota na snarka /  Lʹi͡uis Kėrroll ; perevod s angliĭskogo, Grigorii͡a Kruzhkova ; illi͡ustrat͡sii, Leonida Tishchova.","Carroll, Lewis, 1832-1898.",1991.0,rus,ic,BK,"""Rukitis"", 1991.",25995819,inu.30000050312176,https://babel.hathitrust.org/cgi/pt?id=inu.30000050312176,1
Through the looking glass : and what Alice saw there / by Lewis Carroll [i.e. C. Dodgson].,"Carroll, Lewis, 1832-1898.",1902.0,eng,pd,BK,"Homewood Pub. Co., c1902.",4635066,nc01.ark:/13960/t59c8037h,https://babel.hathitrust.org/cgi/pt?id=nc01.ark:/13960/t59c8037h,1
Trhough [sic] the looking-glass = Za zrcadlem a s čím se tam Alenka setkala / Lewis Carroll ; [z angličtiny přeložili Aloys a Hana Skoumalovi].,"Carroll, Lewis, 1832-1898.",2004.0,cze,ic,BK,"Garamond, 2004.",61354556,inu.30000094858713,https://babel.hathitrust.org/cgi/pt?id=inu.30000094858713,1
Two letters to Marion from Lewis Carroll [pseud.] ...,"Carroll, Lewis, 1832-1898.",1932.0,eng,ic,BK,"D. Cleverdon, 1932.","215916023,2166236",uc1.b4101480,https://babel.hathitrust.org/cgi/pt?id=uc1.b4101480,1
Useful and instructive poetry [by] Lewis Carroll [pseud.]  With an introd. by Derek Hudson.,"Carroll, Lewis, 1832-1898.",1954.0,eng,ic,BK,G. Bles [1954],2591765,uc1.b3548131,https://babel.hathitrust.org/cgi/pt?id=uc1.b3548131,1
"The vision of the three T's : a threnody / by the author of ""The new belfry.""","Carroll, Lewis, 1832-1898.",1873.0,eng,pd,BK,"James Parker and Co., 1873.",12333465,msu.31293009978697,https://babel.hathitrust.org/cgi/pt?id=msu.31293009978697,1
"The wasp in a wig : a ""suppressed"" episode of Through the looking-glass and what Alice found there / Lewis Carroll ; with a preface, introduction and notes by Martin Gardner.","Carroll, Lewis, 1832-1898.",1977.0,eng,ic,BK,"Lewis Carroll Society of North America, 1977.",3407278,mdp.39015008450655,https://babel.hathitrust.org/cgi/pt?id=mdp.39015008450655,1
"Windows in the Thompson Memorial Chapel, Williams College / by Carroll Lewis Maxcy.","Maxcy, Carroll Lewis, 1865-1936.",1936.0,eng,ic,BK,[Williams College] 1936.,19079031,coo.31924020594192,https://babel.hathitrust.org/cgi/pt?id=coo.31924020594192,1
"Symbolic logic. Part 1, Elementary. By Lewis Carroll [pseud.]","Carroll, Lewis, 1832-1898",1897.0,eng,pd,BK,"Macmillan, 1897.",10703968,chi.27867650,https://babel.hathitrust.org/cgi/pt?id=chi.27867650,1
Symbolic logic and The game of logic : (both books bound as one) / by Lewis Carroll.,"Carroll, Lewis, 1832-1898.",1958.0,eng,ic,BK,"Dover Publications, 1958.",24659804,uc1.32106016976158,https://babel.hathitrust.org/cgi/pt?id=uc1.32106016976158,1
"Sylvie and Bruno, by Lewis Carroll. With 46 illus. by Harry Furniss.","Carroll, Lewis, 1832-1898.",1889.0,eng,pd,BK,Macmillan 1889,254510164,uc1.32106005854341,https://babel.hathitrust.org/cgi/pt?id=uc1.32106005854341,1
The story of Sylvie and Bruno / by Lewis Carroll ; with illustrations by Harry Furniss.,"Carroll, Lewis, 1832-1898.",1904.0,eng,pd,BK,"Macmillan, c1904.",4659000,nc01.ark:/13960/t2f77dk20,https://babel.hathitrust.org/cgi/pt?id=nc01.ark:/13960/t2f77dk20,1
Phantasmagoria / Lewis Carroll ; introduction and notes by Martin Gardner ; illustrations by Arthur B. Frost,"Carroll, Lewis, 1832-1898",1998.0,eng,ic,BK,"Prometheus Books, 1998",39724114,uc1.32106014216201,https://babel.hathitrust.org/cgi/pt?id=uc1.32106014216201,1
Prikli︠u︡chenii︠a︡ Alisy v strane chudes : skazka / L. Kerroll ; rasskazyvaet Boris Zakhoder ; [illustrat︠s︡ii G. Kalinovskogo].,"Carroll, Lewis, 1832-1898.",1979.0,rus,ic,BK,"Detskai︠a︡ lit-ra, 1979.",6566044,uva.x000194299,https://babel.hathitrust.org/cgi/pt?id=uva.x000194299,1
Prikli︠u︡chenii︠a︡ Alisy v Strane Chudes ; Zazerkalé / Lʹi︠u︡is Kėrroll. Skazki / Oskar Vaĭld́. Skazki ; Maugli / Redí︠a︡rd Kipling.,"Carroll, Lewis, 1832-1898.",1989.0,rus,ic,BK,"Pravda, 1989.",25292017,uva.x001740520,https://babel.hathitrust.org/cgi/pt?id=uva.x001740520,1
Prikli͡uchenii͡a Alisy v Strane Chudes / Lʹi͡uis Kėrroll. Skazki. Maugli / Redʹi͡ard Kipling. Vinni-Pukh i vse-vse-vse / Alan Aleksandr Miln. Piter Pėn / Dzheĭms Barri.,"Carroll, Lewis, 1832-1898.",1985.0,rus,ic,BK,"Detskai͡a literatura, 1985.",14865624,inu.39000004575259,https://babel.hathitrust.org/cgi/pt?id=inu.39000004575259,1
The principles of parliamentary representation / by Charles L. Dodgson.,"Carroll, Lewis, 1832-1898.",1884.0,eng,pd,BK,"Harrison and Sons, 1884",12333321,uva.x000676622,https://babel.hathitrust.org/cgi/pt?id=uva.x000676622,1
Proceedings of the ... International Lewis Carroll Conference.,International Lewis Carroll Conference.,1994.0,eng,ic,SE,"Lewis Carroll Society of North America, c1989-",33053164,mdp.39015038087618,https://babel.hathitrust.org/cgi/pt?id=mdp.39015038087618,1
The rectory umbrella and Mischmasch. With a foreword by Florence Milner.,"Carroll, Lewis, 1832-1898.",1971.0,eng,ic,BK,Dover Publications [1971],254264998,uc1.32106006241365,https://babel.hathitrust.org/cgi/pt?id=uc1.32106006241365,1
"The Lewis Carroll picture book, a selection from the unpubl. writings and drawings of Lewis Carroll, together with repr. from scarce and unacknowledged work, ed. by S.D. Collingwood.","Carroll, Lewis, 1832-1898.",1899.0,   ,pd,BK,1899,,oxu1.601898799,https://babel.hathitrust.org/cgi/pt?id=oxu1.601898799,1
Rhyme? and reason? By Lewis Carroll [pseud.] With sixty-five illustrations by Arthur B. Frost and nine by Henry Holiday.,"Carroll, Lewis, 1832-1898.",1883.0,eng,pd,BK,"Macmillan and co., 1883.",34199641,uc2.ark:/13960/t85h7jg84,https://babel.hathitrust.org/cgi/pt?id=uc2.ark:/13960/t85h7jg84,1
Rhyme? and reason? [poems] by Lewis Carroll. With illustr.,"Carroll, Lewis, 1832-1898.",1884.0,   ,pd,BK,1884,,oxu1.601892193,https://babel.hathitrust.org/cgi/pt?id=oxu1.601892193,1
Rhyme? And reason? [Poems] by Lewis Carroll.,"Carroll, Lewis, 1832-1898.",1890.0,   ,pd,BK,1890,,oxu1.600111581,https://babel.hathitrust.org/cgi/pt?id=oxu1.600111581,1
Selected poems / Lewis Carroll ; edited with an introduction by Keith Silver.,"Carroll, Lewis, 1832-1898.",1995.0,eng,ic,BK,"Carcanet Press, 1995.",34312914,mdp.39015040675848,https://babel.hathitrust.org/cgi/pt?id=mdp.39015040675848,1
"A selection from the letters of Lewis Carroll (the Rev. Charles Lutwidge Dodgson) to his child-friends; together with ""Eight or nine wise words about letter-writing,"" edited with an introduction and notes by Evelyn M. Hatch. Facsimile illustrations and 8 collotype plates.","Carroll, Lewis, 1832-1898.",1933.0,eng,und,BK,"Macmillan and Co., Limited, 1933.","1249911,216731173",uc1.b4101478,https://babel.hathitrust.org/cgi/pt?id=uc1.b4101478,1
Si Alice sa daigdig ng hiwaga / Lewis Carroll ; salin ni Aurora W. Batnag.,"Carroll, Lewis, 1832-1898.",2000.0,phi,ic,BK,"Sentro ng Wikang Filipino, Unibersidad ng pilipinas, 2000.",58793692,mdp.39015061120831,https://babel.hathitrust.org/cgi/pt?id=mdp.39015061120831,1
Some Oxford scandals: seven 'letters to the editor' / by C. L. Dogson ('Lewis Carroll').,"Carroll, Lewis, 1832-1898.",1978.0,eng,ic,BK,"Lewis Carroll Society, 1978.",5265689,mdp.39015010315508,https://babel.hathitrust.org/cgi/pt?id=mdp.39015010315508,1
"The Lewis Carroll picture book; a selection from the unpublished writings and drawings of Lewis Carroll, together with reprints from scarce and unacknowledged work. Edited by Stuart Dodgson Collingwood. London, T. Fisher Unwin, 1899.","Carroll, Lewis, 1832-1898.",1971.0,eng,ic,BK,"Tower Books, 1971.",257126,umn.31951001111264h,https://babel.hathitrust.org/cgi/pt?id=umn.31951001111264h,1
"The hunting of the snark, by Lewis Carroll [pseud.] rendered into Latin verse by Percival Robert Brinton.","Carroll, Lewis, 1832-1898.",1934.0,eng,und,BK,"Macmillan, 1934.","216144161,7624152",uc1.b4107243,https://babel.hathitrust.org/cgi/pt?id=uc1.b4107243,1
Lewis Carroll : Photographien / herausgegeben von Karl Steinorth ; mit einem Beitrag von Colin Ford = Lewis Carroll : photographs / edited by Karl Steinorth ; with an essay by Colin Ford.,"Carroll, Lewis, 1832-1898.",1991.0,ger,ic,BK,"Edition Stemmle, c1991.",,nyp.33433072034220,https://babel.hathitrust.org/cgi/pt?id=nyp.33433072034220,1
Alice's adventures under ground / by Lewis Carroll ; illustrated by Kim Deitch ; foreword by Mark Burstein.,"Carroll, Lewis, 1832-1898.",2000.0,eng,ic,BK,"Cottage Classics, c2000.",55746866,mdp.49015002816925,https://babel.hathitrust.org/cgi/pt?id=mdp.49015002816925,1
Alice's adventures in Wonderland and Through the looking-glass : complete in volume / by Louis Carroll ; with ninety-two illustrations by John Tenniel.,"Carroll, Lewis, 1832-1898.",1940.0,eng,und,BK,"Three Sirens Press, [1940?]",72838029,mdp.39076002772007,https://babel.hathitrust.org/cgi/pt?id=mdp.39076002772007,1
"Alice's adventures in Wonderland ; and, Through the looking-glass : in one volume / by Lewis Carroll ; with illustrations by John Tenniel ; introduction by Arthur Prager.","Carroll, Lewis, 1832-1898.",1992.0,eng,ic,BK,"Dell, 1992.",27348130,uva.x002668791,https://babel.hathitrust.org/cgi/pt?id=uva.x002668791,1
"Alice's adventures in Wonderland : and, through the looking-glass & what Alice found there / by Lewis Carroll ; with ninety-two illustrations by John Tenniel, including sixteen in colour.","Carroll, Lewis, 1832-1898.",1911.0,eng,pdus,BK,"Macmillan, 1911.",8214868,nyp.33333219847890,https://babel.hathitrust.org/cgi/pt?id=nyp.33333219847890,1
"Alice's adventures in wonderland, [by Lewis Carroll]. Illus. by J. Tenniel.","Carroll, Lewis, 1832-1898",1898.0,eng,pd,BK,"Macmillan, 1898.",56331926,hvd.32044019660919,https://babel.hathitrust.org/cgi/pt?id=hvd.32044019660919,1
Alice's adventures in Wonderland by Lewis Carroll ; illustrated by Bessie Pease Gutmann.,"Carroll, Lewis, 1832-1898.",1907.0,eng,pdus,BK,"Musson, c1907.",862603506,aeu.ark:/13960/t7sn23n4v,https://babel.hathitrust.org/cgi/pt?id=aeu.ark:/13960/t7sn23n4v,1
"Alice's adventures in wonderland, by Lewis Carroll; illustrated by John Tenniel.","Carroll, Lewis, 1832-1898.",1941.0,eng,ic,BK,Heritage Press [©1941],182997,uc1.31822011733110,https://babel.hathitrust.org/cgi/pt?id=uc1.31822011733110,1
"Alice's adventures in wonderland, by Lewis Carroll [pseud.] Illus. by John Tenniel.","Carroll, Lewis, 1832-1898",1912.0,eng,pdus,BK,"Macmillan, 1912.",154285820,hvd.hn28zd,https://babel.hathitrust.org/cgi/pt?id=hvd.hn28zd,1
"Alice's adventures in Wonderland, by Lewis Carroll [pseud.] illustrated by Arthur Rackham, with a proem by Austin Dobson.","Carroll, Lewis, 1832-1898.",1907.0,eng,pd,BK,"W. Heinemann; Doubleday, Page & co. [1907]",8263557,umn.31951d000928491,https://babel.hathitrust.org/cgi/pt?id=umn.31951d000928491,1
"Alice's adventures in Wonderland, by Lewis Carroll [pseud.] with an introduction by E. S. Martin, illustrated by Peter Newell.","Carroll, Lewis, 1832-1898.",1901.0,eng,pdus,BK,"Harper & brothers, 1901.",1819474,uc2.ark:/13960/t25b0495f,https://babel.hathitrust.org/cgi/pt?id=uc2.ark:/13960/t25b0495f,1
"Alice's adventures in wonderland, by Lewis Carroll [pseud.] With illustrations by John Tenniel. Edited for school use by Charles A. McMurry.","Carroll, Lewis, 1832-1898",1914.0,eng,pd,BK,"Macmillan co., 1914.",40233466,hvd.hn6n55,https://babel.hathitrust.org/cgi/pt?id=hvd.hn6n55,1
"Alice's adventures in Wonderland, by Lewis Carroll [pseud.] With the John Tenniel illustrations colored by Fritz Kredel.","Carroll, Lewis, 1832-1898.",1946.0,eng,und,BK,Random House [1946],1404182,uva.x000444062,https://babel.hathitrust.org/cgi/pt?id=uva.x000444062,1
"Alice's adventures in Wonderland, [by Lewis Carroll]. With illus. by J. Tenniel.","Carroll, Lewis, 1832-1898",1895.0,eng,pd,BK,"Maynard, Merrill [c1895]",237182185,hvd.hn6zyu,https://babel.hathitrust.org/cgi/pt?id=hvd.hn6zyu,1
"Alice's adventures in Wonderland, by Lewis Carroll. With illustr. by J. Tenniel.","Carroll, Lewis, 1832-1898.",1897.0,   ,pd,BK,1897,,oxu1.604824304,https://babel.hathitrust.org/cgi/pt?id=oxu1.604824304,1
"Alice's adventures in Wonderland, Through the looking-glass and The hunting of the snark, by Lewis Carroll [pseud.] Illustrations by John Tenniel ...","Carroll, Lewis, 1832-1898.",1932.0,eng,pdus,BK,"National Home Library Foundation, 1932.",6255189,nyp.33433036412678,https://babel.hathitrust.org/cgi/pt?id=nyp.33433036412678,1
Alice's adventures in Wonderland ; Through the looking glass ; and The hunting of the snark / by Lewis Carroll ; illustrations by John Tenniel.,"Carroll, Lewis, 1832-1898.",1934.0,eng,pdus,BK,"Carlton House, [1934?]",3798388,uva.x000473730,https://babel.hathitrust.org/cgi/pt?id=uva.x000473730,1
Alice's adventures in Wonderland & Through the looking glass : both with the illustrations of John Tenniel & The hunting of the snark / all by Lewis Carroll [i.e. C.L. Dodgson].,"Carroll, Lewis, 1832-1898.",1978.0,eng,ic,BK,"Schocken Books, 1978.",3481305,mdp.49015000918442,https://babel.hathitrust.org/cgi/pt?id=mdp.49015000918442,1
"Alice's adventures in Wonderland. Through the looking-glass. The hunting of the Snark, by Lewis Carroll [i.e. C.L. Dodgson] ill. by John Tenniel; introd. by Alexander Woollcott.","Carroll, Lewis, 1832-1898.",1920.0,eng,pdus,BK,Modern Library [192-],8881659,uc1.32106006465717,https://babel.hathitrust.org/cgi/pt?id=uc1.32106006465717,1
Alice's adventures in Wonderland. : Through the looking-glass. The hunting of the snark / By Lewis Carroll [pseud.] illus. by John Tenniel; introd. by Alexander Woollcott,"Carroll, Lewis, 1832-1898",1929.0,eng,pd,BK,"Modern Library, [between 1920 and 1929]",11882414,uc1.31822005418025,https://babel.hathitrust.org/cgi/pt?id=uc1.31822005418025,1
Alice's adventures under ground : a facsimile / by Lewis Carroll.,"Carroll, Lewis, 1832-1898.",2008.0,eng,ic,BK,"The British Library, 2008.",263993703,inu.30000124328711,https://babel.hathitrust.org/cgi/pt?id=inu.30000124328711,1
"Alice's adventures in Wonderland and Through the looking-glass ; complete in one volume, by Lewis Carroll [pseud.]  With ninety-two illustrations by John Tenniel.","Carroll, Lewis, 1832-1898.",1989.0,eng,ic,BK,Illustrated editions company [19--],4613833,uiuo.ark:/13960/t3034800g,https://babel.hathitrust.org/cgi/pt?id=uiuo.ark:/13960/t3034800g,1
"Alice's adventures in Wonderland, and Through the looking-glass, by Lewis Carroll. With 92 illustr. by J. Tenniel.","Carroll, Lewis, 1832-1898.",1885.0,   ,pd,BK,1885,,oxu1.604830682,https://babel.hathitrust.org/cgi/pt?id=oxu1.604830682,1
"Alice's adventures in Wonderland and Through the looking-glass, by Lewis Carroll [pseud.] with illustrations by John Tenniel ...","Carroll, Lewis, 1832-1898.",1925.0,eng,pdus,BK,"Pub. for Encyclopedia Americana, [1925?]",21140323,uva.x000307150,https://babel.hathitrust.org/cgi/pt?id=uva.x000307150,1
"Alice in Wonderland, by Lewis Carroll [pseud.]  Printed in Gregg shorthand.","Carroll, Lewis, 1832-1898.",1921.0,eng,pd,BK,"The Gregg Publishing Company, [1921?]",6361610,uc2.ark:/13960/t91836k8f,https://babel.hathitrust.org/cgi/pt?id=uc2.ark:/13960/t91836k8f,1
Alica v čudežni deželi / Lewis Carroll ; [prevedla Gitica Jakopin] ; ilustriral Arthur Rackham.,"Carroll, Lewis, 1832-1898.",1983.0,slv,ic,BK,"Mladinska knjiga, 1983.",11297260,inu.39000000689179,https://babel.hathitrust.org/cgi/pt?id=inu.39000000689179,1
Alica v krajine zázrakov / Lewis Carroll ; [ilustroval Dušan Kállay],"Carroll, Lewis, 1832-1898.",1981.0,slo,ic,BK,"Mladé letá, 1981.",8234808,inu.39000001600134,https://babel.hathitrust.org/cgi/pt?id=inu.39000001600134,1
Alice au pays des maeveilles. De l'autre coté du miroir [par] Lewis Carroll [pseud.] Tr. de l'anglais par André Bay. Préface de André Maurois. Illustrations de Sempé.,"Carroll, Lewis, 1832-1898.",1961.0,fre,ic,BK,"Livre Club du Libraire, [1961]",,nyp.33333089286450,https://babel.hathitrust.org/cgi/pt?id=nyp.33333089286450,1
"Alice au pays des merveilles. De l'autre côté du miroir [by Lewis Carroll, pseud.]","Carroll, Lewis, 1832-1898.",1955.0,fre,ic,BK,"Club des Libraires de France, [1955]",,nyp.33333089286443,https://babel.hathitrust.org/cgi/pt?id=nyp.33333089286443,1
Alice au pays des Merveilles / Lewis Carroll ; traduit de l'anglais par Elisabeth Bonville et Jacqueline Abraham.,"Carroll, Lewis, 1832-1898.",1955.0,fre,ic,BK,"Librairie Gründ, 1955.",12000705,uc1.32106013539843,https://babel.hathitrust.org/cgi/pt?id=uc1.32106013539843,1
"Alice for the very young / Containing twenty coloured enlargements from Tenniel's illustrations to ""Alice's adventures in wonderland,"" with text adapted to younger readers. By Lewis Carroll [pseudonym]","Carroll, Lewis, 1832-1898.",1967.0,eng,ic,BK,"The Grolier Society, Inc., [c1967]",3837099,mdp.39015018526619,https://babel.hathitrust.org/cgi/pt?id=mdp.39015018526619,1
Alice im Wunderland ; Alice hinter den Spiegeln : zwein Romane / Lewis Carroll ; Übersetzt und herausgegeben von Christian Enzensberger.,"Carroll, Lewis, 1832-1898.",1963.0,ger,ic,BK,"Insel-Verlag, 1963.",8545626,coo.31924059367841,https://babel.hathitrust.org/cgi/pt?id=coo.31924059367841,1
Alice im Wunderland / Lewis Carroll ; with 22 Illustrations by Brigitte Seelbach-Caspari ; translated into German by Ingrid Strasser.,"Carroll, Lewis, 1832-1898.",1962.0,ger,ic,BK,"Vollmer, [1962?]",831621895,uc1.31210020482749,https://babel.hathitrust.org/cgi/pt?id=uc1.31210020482749,1
Alice in wonderland : printed in Gregg shorthand / by Lewis Carroll.,"Carroll, Lewis, 1832-1898.",1917.0,eng,pd,BK,"Gregg Pub. Co., [1917]",173976281,nyp.33433034392971,https://babel.hathitrust.org/cgi/pt?id=nyp.33433034392971,1
"Alice's adventures in Wonderland, and Through the looking-glass, by Lewis Carroll [pseud.] With illus. by John Tenniel.","Carroll, Lewis, 1832-1898.",1900.0,eng,pd,BK,A. L. Burt [19--?],12675833,osu.32435008732729,https://babel.hathitrust.org/cgi/pt?id=osu.32435008732729,1
Alice no país das maravilhas; tradução e adaptação de Monteiro Lobato.,"Carroll, Lewis, 1832-1898.",1941.0,por,ic,BK,"Companhia editora nacional, 1941.",1410384,coo.31924005883933,https://babel.hathitrust.org/cgi/pt?id=coo.31924005883933,1
"Alice's Abenteuer im Wunderland, vom Lewis Carroll [pseud.] Autorisierte Ausgabe aus dem Englischen. Mit 8 Vollbilden und zahlreichen Text-Illustrationen von John Tenniel.","Carroll, Lewis, 1832-1898.",1901.0,ger,pdus,BK,"Ed. Wartigs Verlag Ernst Hoppe, [1901]",24270826,uiuo.ark:/13960/t1gh9dw6h,https://babel.hathitrust.org/cgi/pt?id=uiuo.ark:/13960/t1gh9dw6h,1
"Alice's adventures in Wonderland, and Through the looking-glass, and what Alice found there, by Lewis Carroll. Illustrated by Peter Newell.","Carroll, Lewis, 1832-1898.",1968.0,eng,ic,BK,C. E. Tuttle Co. [1968],2616152,uc1.32106007058727,https://babel.hathitrust.org/cgi/pt?id=uc1.32106007058727,1
"Alice's adventures in Wonderland, and Through the looking-glass and what Alice found there, by Lewis Carroll. With illustr. by J. Tenniel. People's ed.","Carroll, Lewis, 1832-1898.",1896.0,   ,pd,BK,1896,,oxu1.604838839,https://babel.hathitrust.org/cgi/pt?id=oxu1.604838839,1
"Alice's adventures in Wonderland; and, Through the looking-glass and what Alice found there [by] Lewis Carroll; with illustrations by John Tenniel; edited with an introduction by Roger Lancelyn Green.","Carroll, Lewis, 1832-1898.",1971.0,eng,ic,BK,"Oxford University Press, 1971.",231353,uc1.32106001934477,https://babel.hathitrust.org/cgi/pt?id=uc1.32106001934477,1
"Alice's adventures in wonderland, and Through the looking-glass. By Lewis Carroll. Illus. by John Tenniel.","Carroll, Lewis, 1832-1898.",1897.0,eng,pd,BK,"Macmillan, 1897.",19838384,uc1.b2505546,https://babel.hathitrust.org/cgi/pt?id=uc1.b2505546,1
"Alice's adventures in Wonderland ; and, Through the looking glass by Lewis Carroll ; illustrated by John Tenniel and Elenore Abbott.","Carroll, Lewis, 1832-1898.",1912.0,eng,pd,BK,"G.W. Jacobs, [1912?]",,nyp.33433082529888,https://babel.hathitrust.org/cgi/pt?id=nyp.33433082529888,1
"Alice's adventures in Wonderland, and Through the looking-glass, by Lewis Carroll [pseud.] Complete in 1 vol. with illus. by John Tenniel.","Carroll, Lewis, 1832-1898.",1925.0,eng,pdus,BK,Grosset & Dunlap [1925?],616197,osu.32435002940443,https://babel.hathitrust.org/cgi/pt?id=osu.32435002940443,1
"Alice's adventures under ground : being a facsimile of the original ms. book afterwards developed into ""Alice's adventures in Wonderland"" / by Lewis Carroll ; with thirty-seven illustrations by the author.","Carroll, Lewis, 1832-1898",1886.0,eng,pd,BK,"Macmillan and Co., 1886.",1029933337,hvd.32044037112588,https://babel.hathitrust.org/cgi/pt?id=hvd.32044037112588,1
Alice through the looking-glass : and what Alice found there / Lewis Carroll; illustrated by Peter Blake; preface by Marco Livingstone.,"Carroll, Lewis, 1832-1898.",2006.0,eng,ic,BK,"Merrell, 2006.",63137265,uva.x004922485,https://babel.hathitrust.org/cgi/pt?id=uva.x004922485,1
"Lewis Carroll, photographer.","Carroll, Lewis, 1832-1898.",1987.0,eng,ic,BK,"National Museum of Photography, Film and Television, c1987.",20302391,mdp.39015016978804,https://babel.hathitrust.org/cgi/pt?id=mdp.39015016978804,1
"Alicia mexicana, versión española adaptada del cuento de Lewis Carroll Alice's adventures in Wonderland, o sea Aventuras de Alicia en la Tierra Maravillosa, por Joel S. Quiñones. Con las ilus. de John Tenniel.","Carroll, Lewis, 1832-1898.",1949.0,spa,ic,BK,c1949.,19873200,txu.059173024369531,https://babel.hathitrust.org/cgi/pt?id=txu.059173024369531,1
Further nonsense verse and prose / by Lewis Carroll ; edited by Langford Reed ; illustrated by H.M. Bateman.,"Carroll, Lewis, 1832-1898.",1926.0,eng,pdus,BK,"T. Fisher Unwin, 1926.",15681578,uc1.31822006907406,https://babel.hathitrust.org/cgi/pt?id=uc1.31822006907406,1
"Fushigi no kuni no Arisu / Ruisu Kyaroru saku ; Shōno Kōkichi yaku ; Jon Tenieru ga.,ふしぎの国のアリス / ルイス・キャロル作 ; 生野幸吉訳 ; ジョン・テニエル画.","Carroll, Lewis, 1832-1898.",1971.0,jpn,ic,BK,"Fukuinkan Shoten, 1971., 福音館書店, 1971.",21823233,uc1.c115905510,https://babel.hathitrust.org/cgi/pt?id=uc1.c115905510,1
"The game of logic, by Lewis Carroll [pseud.]","Carroll, Lewis, 1832-1898.",1887.0,eng,pd,BK,"Macmillan and Co., 1887.",2791983,dul1.ark:/13960/t58d1gf94,https://babel.hathitrust.org/cgi/pt?id=dul1.ark:/13960/t58d1gf94,1
The game of logic.,"Carroll, Lewis, 1832-1898.",1886.0,eng,pd,BK,"Macmillan, 1886.",23115487,uc2.ark:/13960/t2p55kp62,https://babel.hathitrust.org/cgi/pt?id=uc2.ark:/13960/t2p55kp62,1
"Hoi peripeteies tēs Alikēs se mia paramythenia chōra / Lewis Carroll ; metaphrasē, diaskeuē Kaisaros Emmanouēl.","Carroll, Lewis, 1832-1898.",1988.0,gre,ic,BK,"Ekdoseis Atlantis, [198-?]",17893792,inu.39000001531131,https://babel.hathitrust.org/cgi/pt?id=inu.39000001531131,1
The humorous verse of Lewis Carroll / the Rev. Charles Lutwidge Dodgson. With illus. by Sir John Tenniel [and others],"Carroll, Lewis, 1832-1898.",1933.0,eng,ic,BK,"Dover Publications, [1960, c1933]",361244,mdp.39015004011527,https://babel.hathitrust.org/cgi/pt?id=mdp.39015004011527,1
The humorous verses of Lewis Carroll / with ill. by John Tenniel ; edited and with an introd. by J. E. Morpurgo.,"Carroll, Lewis, 1832-1898.",1950.0,eng,ic,BK,"Grey Walls Press, 1950.",25340527,iau.31858003493313,https://babel.hathitrust.org/cgi/pt?id=iau.31858003493313,1
"The hunting of the snark; an agony, in eight fits, by Lewis Carroll [pseud.] With illus. by Henry Holiday.","Carroll, Lewis, 1832-1898",1898.0,eng,pd,BK,"Macmillan, 1898.",8368714,hvd.32044024322273,https://babel.hathitrust.org/cgi/pt?id=hvd.32044024322273,1
"The hunting of the snark, and other poems and verses / by Lewis Carroll ; illustrated by Peter Newell.","Carroll, Lewis, 1832-1898.",1903.0,eng,pd,BK,"Harper & Bros., 1903.",,loc.ark:/13960/t6737b38n,https://babel.hathitrust.org/cgi/pt?id=loc.ark:/13960/t6737b38n,1
The hunting of the snark : being a poem in eight fits / written by Lewis Carroll & decorated by Cobbledick for the Peter Pauper Press.,"Carroll, Lewis, 1832-1898.",1939.0,eng,und,BK,"Peter Pauper Press, [1939?]",4815100,mdp.39015056242723,https://babel.hathitrust.org/cgi/pt?id=mdp.39015056242723,1
Alenka v kraji divů a za zrcadlem / Lewis Carroll ;[ilustrovala Markéta Prachatická ; přeložili Aloys a Hana Skoumalovi].,"Carroll, Lewis, 1832-1898.",1983.0,cze,ic,BK,"Albatros, 1983.",12135622,mdp.39015010821844,https://babel.hathitrust.org/cgi/pt?id=mdp.39015010821844,1
The hunting of the snark [verse] by Lewis Carroll.,"Carroll, Lewis, 1832-1898.",1891.0,   ,pd,BK,1891,,oxu1.601623841,https://babel.hathitrust.org/cgi/pt?id=oxu1.601623841,1
"The hunting of the snark : with other nonsense verse from Alice in Wonderland, Through the looking-glass, and Sylvie and Bruno / by Lewis Carroll ; pictures by Aldren Watson.","Carroll, Lewis, 1832-1898,",1952.0,eng,ic,BK,"The Peter Pauper Press, [1952]",3576225,rul.39030022801718,https://babel.hathitrust.org/cgi/pt?id=rul.39030022801718,1
"An index to ""In memoriam.""","Carroll, Lewis, 1832-1898.",1862.0,eng,pd,BK,"E. Moxon & co., 1862.",6526690,coo.31924013559541,https://babel.hathitrust.org/cgi/pt?id=coo.31924013559541,1
Jabberwocky :  from Through the looking glass / Lewis Carroll ; illustrated by Graeme Base.,"Carroll, Lewis, 1832-1898.",1987.0,eng,ic,BK,"Modern Curriculum Press, 1988, c1987.",19647916,pst.000033338514,https://babel.hathitrust.org/cgi/pt?id=pst.000033338514,1
Jabberwocky / [Lewis Carroll] ; reimagined and illustrated by Chistopher Myers.,"Carroll, Lewis, 1832-1898.",2007.0,eng,ic,BK,"Jump at the Sun/Hyperion Books for Children, c2007.",124036266,mdp.39015074055115,https://babel.hathitrust.org/cgi/pt?id=mdp.39015074055115,1
"Lewis Caroll / text by Graham Ovenden ; editorial advisory board, Cornell Capa [and others].","Carroll, Lewis, 1832-1898.",1984.0,eng,ic,BK,"Macdonald, 1984.",12217057,mdp.39015035327355,https://babel.hathitrust.org/cgi/pt?id=mdp.39015035327355,1
"Lewis Carroll and Hatfield House : a companion to the exhibition in the Old Riding School, 25th March-7th October 1975 / [Lewis Carroll Society].",Lewis Carroll Society.,1975.0,eng,ic,BK,"The Society, 1975.",1863742,mdp.39015012101963,https://babel.hathitrust.org/cgi/pt?id=mdp.39015012101963,1
Lewis Carroll in the popular culture : a continuing list / edited by Byron W. Sewell.,"Lewis Carroll Society of North America, New York.",1976.0,eng,ic,BK,"The Lewis Carroll Society of North America, 1976.",3087637,mdp.39015005250298,https://babel.hathitrust.org/cgi/pt?id=mdp.39015005250298,1
"Further nonsense verse and prose, by Lewis Carroll [pseud.] (edited by Langford Reed) illustrated by H. M. Bateman.","Carroll, Lewis, 1832-1898.",1926.0,eng,pd,BK,"D. Appleton, 1926.","218201009,991250",uc1.b4102109,https://babel.hathitrust.org/cgi/pt?id=uc1.b4102109,1
"For the train : five poems and a tale / by Lewis Carroll, being contributions to ""The Train,"" 1856-1857 ; with the original illustrations by C.H. Bennett and W. McConnell ; together with some Carrollean episodes concerning trains ; arranged, with a preface by Hugh J. Schonfield.","Carroll, Lewis, 1832-1898.",1932.0,eng,und,BK,"D. Archer, [1932]",1335982,mdp.39015066054449,https://babel.hathitrust.org/cgi/pt?id=mdp.39015066054449,1
"Feeding the mind, by Lewis Carroll, with a prefatory note by William H. Draper.","Carroll, Lewis, 1832-1898.",1973.0,eng,ic,BK,"Folcroft Library Editions, 1973.",589997,umn.31951001063560g,https://babel.hathitrust.org/cgi/pt?id=umn.31951001063560g,1
Aventures d'Alice au pays des merveilles. Par Lewis Carroll [pseud.] Tr. de l'anglais par Henri Bué. Ouvrage illustré de 42 vignettes par John Tenniel.,"Carroll, Lewis, 1832-1898.",1869.0,fre,pd,BK,"Macmillan and Co., 1869.","215343638,2500599",uc1.b4102119,https://babel.hathitrust.org/cgi/pt?id=uc1.b4102119,1
Alisa v kraïni chudes : kazka / Lʹi︠u︡ïs Kerroll ; [erekl. z anhliĭsʹkoï Halini Bushinoï mali︠u︡nky anhliĭsʹkoho khudozhnika Dzhona Tennila].,"Carroll, Lewis, 1832-1898.",1976.0,ukr,ic,BK,"Vydavnytsvo dyti︠a︡choï literatury ""Veselka"", 1976.",6566090,uva.x000194296,https://babel.hathitrust.org/cgi/pt?id=uva.x000194296,1
Alisa v stranata na chudesata ; Alisa v ogledalnii͡a svi͡at : prikazna povest / Luis Karol ; prevedokha ot angliĭski Lazar Goldman i Stefan Gechev.,"Carroll, Lewis, 1832-1898.",1977.0,bul,ic,BK,"Izd-vo Otechestvo, [1977]",13556725,inu.39000001187876,https://babel.hathitrust.org/cgi/pt?id=inu.39000001187876,1
"Alisi man you ji / Liu Zhigen yi zhu = Alice's adventures in wonderland : with translation and annotations / by Liu Chih-ken.,阿麗思漫遊記 / 劉之根譯註 = Alice's adventures in wonderland : with translation and annotations / by Liu Chih-ken.","Carroll, Lewis, 1832-1898.",1951.0,chi,ic,BK,"Xianggang san min tu shu gong si, Min guo 40 [1951], 香港三民圖書公司, 民國40 [1951]",35231401,coo.31924025727581,https://babel.hathitrust.org/cgi/pt?id=coo.31924025727581,1
Ani͡a v Strane chudes = Alice's adventures in Wonderland / by Lewis Carroll ; perevod V. Nabokova ; [predislovie i kommentarii N.M. Demurovoĭ].,"Carroll, Lewis, 1832-1898.",1992.0,rus,ic,BK,"Raduga Publishers, 1992.",27904957,mdp.39015029902130,https://babel.hathitrust.org/cgi/pt?id=mdp.39015029902130,1
Ani͡a v strani͡e chudes = Anya v stranye chudes / Lewis Carroll [i.e. C.L. Dodgson] ; translated from the English by V. Sirin (Vladimir Nabokov) ; with drawings by S. Zalshupin.,"Carroll, Lewis, 1832-1898.",1976.0,rus,ic,BK,"Dover Publications, 1976.",4197278,mdp.39015037563361,https://babel.hathitrust.org/cgi/pt?id=mdp.39015037563361,1
Ani͡a v strani͡e chudes / L. Karrolʹ ; perevod s angl. V. Nabokova s risunkami Dzhona Tennieli͡a.,"Carroll, Lewis, 1832-1898.",1982.0,rus,ic,BK,"Ardis, 1982.",8714043,mdp.39015008984406,https://babel.hathitrust.org/cgi/pt?id=mdp.39015008984406,1
"The annotated Snark : the full text of Lewis Carroll's great nonsense epic, the hunting of the Snark and the original illustrations by Henry Holiday / with an introduction and notes by Martin Gardner.","Carroll, Lewis, 1832-1898.",1962.0,eng,ic,BK,"Bramhall House, ©1962.",356027,uc1.31822027359967,https://babel.hathitrust.org/cgi/pt?id=uc1.31822027359967,1
"Aventures D'Alice Au Pays des Merveilles par Lewis Carroll, illustrées par Arthur Rackham.","Carroll, Lewis, 1832-1898.",1900.0,fre,pd,BK,Librairie Hachette [19--?],1189955,osu.32435000073379,https://babel.hathitrust.org/cgi/pt?id=osu.32435000073379,1
La chasse au snark.,"Carroll, Lewis, 1832-1898.",1949.0,fre,ic,BK,"P. Seghers, [1949]",35168044,mdp.39015047752657,https://babel.hathitrust.org/cgi/pt?id=mdp.39015047752657,1
Euclid and his modern rivals / by Charles L. Dodgson ...,"Carroll, Lewis, 1832-1898.",1879.0,eng,pd,BK,"Macmillan and Co., 1879 ...",2270933,mdp.39015017351969,https://babel.hathitrust.org/cgi/pt?id=mdp.39015017351969,1
The collected verse of Lewis Carroll [pseud.] with an introduction by John Francis McDermott.,"Carroll, Lewis, 1832-1898.",1929.0,eng,pd,BK,"E.P. Dutton & Co., Inc. [c1929]","214547481,575437",uc1.b4107350,https://babel.hathitrust.org/cgi/pt?id=uc1.b4107350,1
"The collected verse of Lewis Carroll / (the Rev. Charles Lutwidge Dodgson) with illustrations by Sir John Tenniel, Arthur B. Frost, Henry Holiday, Harry Furniss, and the author.","Carroll, Lewis, 1832-1898.",1933.0,eng,ic,BK,"The Macmillan company, 1933.",456696,mdp.39015020698455,https://babel.hathitrust.org/cgi/pt?id=mdp.39015020698455,1
"Curiosa mathematica. Part I, A new theory of parallels.","Carroll, Lewis, 1832-1898.",1972.0,eng,pdus,BK,"Macmillan, 1890.",65842587,mdp.39015042129091,https://babel.hathitrust.org/cgi/pt?id=mdp.39015042129091,1
"Curiosa mathematica. Part II. ... / By Charles L. Dodgson, ...","Carroll, Lewis, 1832-1898",1894.0,eng,pd,BK,"Macmillan & Co., 1894.",236095038,hvd.32044014465587,https://babel.hathitrust.org/cgi/pt?id=hvd.32044014465587,1
"The diaries of Lewis Carroll, now first edited and supplemented by Roger Lancelyn Green.","Carroll, Lewis, 1832-1898.",1954.0,eng,ic,BK,"Cassell, 1953 [i.e. 1954]",428994,inu.32000001290222,https://babel.hathitrust.org/cgi/pt?id=inu.32000001290222,1
Eactra? Ei?lís i dTír na nlongantas / Pádraig Ó Ca?la do cuir Gae?ealg ar an sgeul so.,"Carroll, Lewis, 1832-1898.",1922.0,iri,pdus,BK,"Maunsel agus Roberts, 1922.",6432930,bc.ark:/13960/t0ht6fm89,https://babel.hathitrust.org/cgi/pt?id=bc.ark:/13960/t0ht6fm89,1
Else' i eventyrland / Efter Lewis Carroll [pseud.] ; Ved Margrethe Horn ; Med original tegninger af John Tenniel.,"Carroll, Lewis, 1832-1898",1903.0,nor,pdus,BK,"Olaf Norlis Forlag, 1903.",1964493,hvd.hwhs4r,https://babel.hathitrust.org/cgi/pt?id=hvd.hwhs4r,1
"Euclid and his modern rivals, by Lewis Carroll (Charles L. Dodgson). With a new introd. by H. S. M. Coxeter.","Carroll, Lewis, 1832-1898.",1973.0,eng,ic,BK,Dover Publications [1973],873811,uc1.32106016714930,https://babel.hathitrust.org/cgi/pt?id=uc1.32106016714930,1
"ʻAlisah be-erets ha-niflaʼot / katuv ʻIvrit bi-yede L. Saman.,עליסה בארץ הנפלאות / כתוב עברית בידי ל. לסמן.","Carroll, Lewis, 1832-1898.",1924.0,heb,pdus,BK,"Omanut, 684 [1924], אמנות, [4291] 486.",,nyp.33433022165322,https://babel.hathitrust.org/cgi/pt?id=nyp.33433022165322,1
